x-axis,1,2
second,Volt,Volt
-2.500000,0.016424,-0.229602
-2.497499,0.006072,-0.239954
-2.494997,-0.024911,-0.270938
-2.492496,-0.008260,-0.254286
-2.489995,0.006527,-0.239499
-2.487494,0.068168,-0.177858
-2.484992,0.052758,-0.193269
-2.482491,-0.025715,-0.271742
-2.479990,0.057815,-0.188211
-2.477489,0.013819,-0.232207
-2.474987,-0.001201,-0.247228
-2.472486,0.013616,-0.232411
-2.469985,-0.003905,-0.249931
-2.467484,-0.002365,-0.248391
-2.464982,0.028379,-0.217648
-2.462481,0.026842,-0.219184
-2.459980,0.026998,-0.219029
-2.457479,0.012792,-0.233234
-2.454977,-0.023003,-0.269029
-2.452476,0.013663,-0.232363
-2.449975,0.031056,-0.214970
-2.447474,0.009313,-0.236713
-2.444972,0.019711,-0.226315
-2.442471,0.013847,-0.232179
-2.439970,-0.005781,-0.251807
-2.437469,0.005598,-0.240428
-2.434967,-0.014998,-0.261024
-2.432466,0.016924,-0.229102
-2.429965,-0.021852,-0.267878
-2.427464,-0.020362,-0.266388
-2.424962,-0.015421,-0.261447
-2.422461,-0.056089,-0.302115
-2.419960,0.027401,-0.218625
-2.417459,0.006195,-0.239831
-2.414957,-0.014381,-0.260408
-2.412456,0.026104,-0.219922
-2.409955,-0.032604,-0.278631
-2.407454,-0.001948,-0.247974
-2.404952,-0.004600,-0.250626
-2.402451,0.006081,-0.239945
-2.399950,0.005960,-0.240066
-2.397449,-0.016476,-0.262502
-2.394947,-0.000572,-0.246599
-2.392446,-0.003141,-0.249167
-2.389945,0.011958,-0.234069
-2.387444,0.020827,-0.225200
-2.384942,0.021132,-0.224895
-2.382441,-0.016453,-0.262479
-2.379940,0.001474,-0.244553
-2.377439,-0.023129,-0.269155
-2.374937,-0.021212,-0.267239
-2.372436,-0.000130,-0.246157
-2.369935,0.029197,-0.216830
-2.367434,-0.014662,-0.260689
-2.364932,0.007075,-0.238952
-2.362431,-0.004297,-0.250324
-2.359930,0.021286,-0.224741
-2.357429,-0.020747,-0.266773
-2.354927,0.000620,-0.245406
-2.352426,0.010526,-0.235501
-2.349925,0.020967,-0.225060
-2.347424,0.029417,-0.216609
-2.344922,0.001637,-0.244389
-2.342421,-0.028415,-0.274441
-2.339920,-0.014141,-0.260167
-2.337419,-0.020223,-0.266249
-2.334917,0.044776,-0.201250
-2.332416,-0.011727,-0.257754
-2.329915,0.014251,-0.231776
-2.327414,-0.003666,-0.249692
-2.324912,0.016928,-0.229098
-2.322411,-0.014570,-0.260597
-2.319910,-0.026713,-0.272740
-2.317409,-0.027096,-0.273123
-2.314907,0.009300,-0.236726
-2.312406,-0.003379,-0.249405
-2.309905,-0.003735,-0.249761
-2.307404,0.027038,-0.218989
-2.304902,0.005555,-0.240472
-2.302401,0.003768,-0.242258
-2.299900,0.030246,-0.215781
-2.297399,-0.015325,-0.261351
-2.294897,0.013271,-0.232756
-2.292396,0.015908,-0.230118
-2.289895,-0.004643,-0.250669
-2.287394,0.004109,-0.241918
-2.284892,-0.022209,-0.268236
-2.282391,-0.021869,-0.267895
-2.279890,0.001998,-0.244029
-2.277389,0.013759,-0.232267
-2.274887,0.049254,-0.196773
-2.272386,-0.012704,-0.258731
-2.269885,0.003569,-0.242458
-2.267384,-0.001572,-0.247598
-2.264882,-0.036824,-0.282850
-2.262381,-0.008362,-0.254389
-2.259880,-0.034189,-0.280215
-2.257379,0.016009,-0.230017
-2.254877,-0.016917,-0.262943
-2.252376,0.001907,-0.244120
-2.249875,-0.010373,-0.256400
-2.247374,0.005782,-0.240244
-2.244872,-0.011436,-0.257463
-2.242371,0.009334,-0.236693
-2.239870,0.014085,-0.231941
-2.237369,0.032611,-0.213415
-2.234867,-0.003698,-0.249724
-2.232366,-0.040736,-0.286762
-2.229865,-0.015994,-0.262021
-2.227364,0.025805,-0.220221
-2.224862,-0.020425,-0.266451
-2.222361,0.018306,-0.227720
-2.219860,0.002363,-0.243663
-2.217359,0.027369,-0.218657
-2.214857,-0.037355,-0.283382
-2.212356,-0.003766,-0.249793
-2.209855,-0.023009,-0.269036
-2.207354,0.055398,-0.190629
-2.204852,0.015720,-0.230306
-2.202351,0.026269,-0.219757
-2.199850,-0.020158,-0.266185
-2.197349,-0.008927,-0.254953
-2.194847,-0.005191,-0.251217
-2.192346,0.020925,-0.225101
-2.189845,-0.005293,-0.251320
-2.187344,0.013364,-0.232662
-2.184842,-0.039087,-0.285113
-2.182341,-0.006741,-0.252767
-2.179840,-0.015689,-0.261716
-2.177339,-0.030043,-0.276069
-2.174837,0.009677,-0.236349
-2.172336,0.005372,-0.240655
-2.169835,0.000638,-0.245389
-2.167334,-0.025407,-0.271433
-2.164832,0.021479,-0.224548
-2.162331,0.006671,-0.239355
-2.159830,-0.005697,-0.251724
-2.157329,0.000436,-0.245590
-2.154827,-0.004991,-0.251017
-2.152326,-0.033342,-0.279368
-2.149825,-0.005442,-0.251468
-2.147324,-0.015838,-0.261864
-2.144822,-0.018654,-0.264680
-2.142321,-0.022029,-0.268056
-2.139820,-0.010164,-0.256191
-2.137319,-0.038150,-0.284177
-2.134817,0.018369,-0.227658
-2.132316,0.009907,-0.236119
-2.129815,-0.000382,-0.246408
-2.127314,-0.000662,-0.246689
-2.124812,-0.015205,-0.261231
-2.122311,0.019406,-0.226620
-2.119810,-0.002538,-0.248564
-2.117309,-0.013612,-0.259638
-2.114807,0.025744,-0.220282
-2.112306,-0.004282,-0.250308
-2.109805,-0.011221,-0.257247
-2.107304,-0.005596,-0.251622
-2.104802,-0.016153,-0.262179
-2.102301,-0.021338,-0.267365
-2.099800,0.048120,-0.197906
-2.097299,0.031537,-0.214489
-2.094797,0.005859,-0.240168
-2.092296,-0.023948,-0.269974
-2.089795,-0.016487,-0.262514
-2.087294,-0.003363,-0.249389
-2.084792,0.015076,-0.230950
-2.082291,-0.025375,-0.271401
-2.079790,-0.044384,-0.290410
-2.077289,-0.027605,-0.273632
-2.074787,0.006353,-0.239673
-2.072286,0.007455,-0.238571
-2.069785,0.008604,-0.237422
-2.067284,-0.002482,-0.248508
-2.064782,0.003499,-0.242527
-2.062281,-0.009071,-0.255097
-2.059780,0.016422,-0.229605
-2.057279,-0.025940,-0.271967
-2.054777,0.008668,-0.237358
-2.052276,-0.016168,-0.262194
-2.049775,-0.006380,-0.252406
-2.047274,0.010531,-0.235496
-2.044772,0.019795,-0.226232
-2.042271,-0.021291,-0.267317
-2.039770,0.024016,-0.222011
-2.037269,0.012576,-0.233451
-2.034767,-0.001293,-0.247319
-2.032266,-0.003719,-0.249745
-2.029765,-0.004145,-0.250172
-2.027264,-0.005774,-0.251801
-2.024762,0.000439,-0.245587
-2.022261,0.000977,-0.245049
-2.019760,0.015736,-0.230290
-2.017259,0.029089,-0.216937
-2.014757,0.008895,-0.237132
-2.012256,-0.003995,-0.250021
-2.009755,0.011910,-0.234116
-2.007254,0.003490,-0.242536
-2.004752,-0.019617,-0.265643
-2.002251,0.018083,-0.227944
-1.999750,0.005850,-0.240177
-1.997249,0.002575,-0.243451
-1.994747,0.009815,-0.236211
-1.992246,0.004980,-0.241047
-1.989745,-0.017935,-0.263962
-1.987244,-0.003093,-0.249119
-1.984742,-0.002782,-0.248809
-1.982241,-0.010135,-0.256161
-1.979740,0.032044,-0.213982
-1.977239,-0.016683,-0.262709
-1.974737,-0.009217,-0.255243
-1.972236,-0.013564,-0.259590
-1.969735,-0.022369,-0.268395
-1.967234,-0.003662,-0.249689
-1.964732,-0.005221,-0.251247
-1.962231,0.029148,-0.216878
-1.959730,-0.004744,-0.250770
-1.957229,-0.020273,-0.266300
-1.954727,0.030546,-0.215481
-1.952226,0.023521,-0.222506
-1.949725,-0.004374,-0.250401
-1.947224,-0.028692,-0.274719
-1.944722,-0.008470,-0.254497
-1.942221,-0.002971,-0.248997
-1.939720,0.005259,-0.240767
-1.937219,-0.004975,-0.251002
-1.934717,0.008447,-0.237579
-1.932216,0.007466,-0.238561
-1.929715,-0.023825,-0.269852
-1.927214,-0.018059,-0.264085
-1.924712,-0.014118,-0.260144
-1.922211,-0.009674,-0.255700
-1.919710,-0.006107,-0.252133
-1.917209,0.000238,-0.245789
-1.914707,-0.057706,-0.303732
-1.912206,-0.008706,-0.254732
-1.909705,0.023669,-0.222358
-1.907204,-0.020321,-0.266347
-1.904702,0.017788,-0.228239
-1.902201,0.006674,-0.239353
-1.899700,-0.000553,-0.246579
-1.897199,0.003476,-0.242551
-1.894697,-0.029814,-0.275841
-1.892196,-0.001610,-0.247637
-1.889695,0.030555,-0.215471
-1.887194,0.001874,-0.244153
-1.884692,0.000788,-0.245238
-1.882191,-0.013986,-0.260012
-1.879690,-0.000587,-0.246613
-1.877189,0.004426,-0.241600
-1.874687,0.008123,-0.237904
-1.872186,-0.007102,-0.253128
-1.869685,-0.004504,-0.250531
-1.867184,0.038551,-0.207475
-1.864682,-0.043022,-0.289048
-1.862181,0.042471,-0.203555
-1.859680,0.006431,-0.239596
-1.857179,0.019051,-0.226975
-1.854677,-0.031702,-0.277729
-1.852176,-0.011240,-0.257267
-1.849675,-0.005297,-0.251323
-1.847174,0.008053,-0.237974
-1.844672,-0.031817,-0.277844
-1.842171,0.008985,-0.237042
-1.839670,-0.023105,-0.269131
-1.837169,0.001261,-0.244765
-1.834667,0.012427,-0.233599
-1.832166,0.006230,-0.239796
-1.829665,0.020624,-0.225402
-1.827164,0.019166,-0.226861
-1.824662,-0.012400,-0.258426
-1.822161,0.004897,-0.241129
-1.819660,-0.017990,-0.264017
-1.817159,-0.025180,-0.271206
-1.814657,0.017618,-0.228408
-1.812156,0.000001,-0.246025
-1.809655,-0.001046,-0.247073
-1.807154,0.017357,-0.228669
-1.804652,0.011327,-0.234700
-1.802151,0.006671,-0.239355
-1.799650,0.023817,-0.222209
-1.797149,0.017712,-0.228314
-1.794647,0.004567,-0.241459
-1.792146,-0.013151,-0.259178
-1.789645,-0.012412,-0.258438
-1.787144,0.022710,-0.223317
-1.784642,-0.030705,-0.276732
-1.782141,-0.000466,-0.246492
-1.779640,-0.037126,-0.283152
-1.777139,0.019440,-0.226586
-1.774637,0.016416,-0.229611
-1.772136,0.000022,-0.246004
-1.769635,-0.001349,-0.247376
-1.767134,-0.047364,-0.293390
-1.764632,0.011071,-0.234955
-1.762131,-0.041766,-0.287792
-1.759630,-0.044182,-0.290209
-1.757129,0.001523,-0.244504
-1.754627,-0.018069,-0.264095
-1.752126,0.007839,-0.238187
-1.749625,0.012896,-0.233130
-1.747124,0.016340,-0.229687
-1.744622,-0.013167,-0.259193
-1.742121,0.008561,-0.237466
-1.739620,0.001917,-0.244109
-1.737119,0.015737,-0.230290
-1.734617,0.010214,-0.235813
-1.732116,0.017105,-0.228922
-1.729615,-0.002513,-0.248540
-1.727114,-0.002804,-0.248831
-1.724612,0.019198,-0.226828
-1.722111,-0.040456,-0.286482
-1.719610,-0.009612,-0.255639
-1.717109,-0.024205,-0.270231
-1.714607,-0.007288,-0.253315
-1.712106,0.012357,-0.233669
-1.709605,0.015730,-0.230296
-1.707104,-0.019335,-0.265361
-1.704602,-0.008974,-0.255000
-1.702101,0.002610,-0.243416
-1.699600,-0.005560,-0.251586
-1.697099,0.005750,-0.240277
-1.694597,0.007619,-0.238408
-1.692096,-0.017716,-0.263742
-1.689595,-0.003369,-0.249395
-1.687094,-0.040616,-0.286643
-1.684592,0.021819,-0.224207
-1.682091,-0.011984,-0.258011
-1.679590,-0.022933,-0.268960
-1.677089,-0.004838,-0.250864
-1.674587,-0.027216,-0.273242
-1.672086,-0.000397,-0.246424
-1.669585,-0.010681,-0.256707
-1.667084,0.041487,-0.204540
-1.664582,0.021688,-0.224339
-1.662081,-0.047566,-0.293592
-1.659580,0.008407,-0.237619
-1.657079,-0.026635,-0.272661
-1.654577,-0.004859,-0.250885
-1.652076,0.003132,-0.242894
-1.649575,0.014244,-0.231782
-1.647074,-0.005202,-0.251228
-1.644572,0.030029,-0.215998
-1.642071,-0.009162,-0.255188
-1.639570,0.006239,-0.239787
-1.637069,0.012663,-0.233363
-1.634567,0.001623,-0.244404
-1.632066,0.016782,-0.229244
-1.629565,0.006157,-0.239869
-1.627064,-0.014938,-0.260964
-1.624562,-0.034392,-0.280419
-1.622061,0.035406,-0.210620
-1.619560,-0.011516,-0.257543
-1.617059,0.001969,-0.244057
-1.614557,0.010728,-0.235298
-1.612056,0.002164,-0.243862
-1.609555,-0.017235,-0.263261
-1.607054,-0.008910,-0.254936
-1.604552,-0.002379,-0.248406
-1.602051,0.028174,-0.217852
-1.599550,-0.016399,-0.262425
-1.597049,0.014948,-0.231078
-1.594547,0.005879,-0.240147
-1.592046,-0.004455,-0.250481
-1.589545,-0.020135,-0.266162
-1.587044,-0.005413,-0.251439
-1.584542,-0.001651,-0.247678
-1.582041,-0.027992,-0.274018
-1.579540,0.003661,-0.242365
-1.577039,-0.015665,-0.261691
-1.574537,-0.001795,-0.247822
-1.572036,0.006405,-0.239622
-1.569535,-0.017234,-0.263260
-1.567034,-0.005491,-0.251518
-1.564532,0.006669,-0.239358
-1.562031,-0.034973,-0.280999
-1.559530,0.019735,-0.226291
-1.557029,0.046186,-0.199840
-1.554527,0.018277,-0.227750
-1.552026,-0.006015,-0.252042
-1.549525,0.008165,-0.237861
-1.547024,-0.019736,-0.265762
-1.544522,0.035773,-0.210253
-1.542021,0.017920,-0.228106
-1.539520,0.014999,-0.231027
-1.537019,-0.016685,-0.262712
-1.534517,0.006095,-0.239931
-1.532016,-0.010636,-0.256662
-1.529515,-0.005933,-0.251959
-1.527014,-0.010859,-0.256885
-1.524512,-0.019540,-0.265567
-1.522011,-0.017312,-0.263338
-1.519510,-0.003999,-0.250025
-1.517009,-0.032363,-0.278390
-1.514507,0.011575,-0.234452
-1.512006,-0.002244,-0.248270
-1.509505,0.013319,-0.232707
-1.507004,0.005137,-0.240890
-1.504502,0.009416,-0.236610
-1.502001,-0.028253,-0.274280
-1.499500,-0.019436,-0.265462
-1.496998,-0.008515,-0.254542
-1.494497,0.002089,-0.243937
-1.491996,0.021502,-0.224524
-1.489495,-0.005524,-0.251550
-1.486993,0.024033,-0.221994
-1.484492,0.009057,-0.236970
-1.481991,0.022367,-0.223659
-1.479490,0.002418,-0.243608
-1.476988,-0.012512,-0.258539
-1.474487,-0.028221,-0.274247
-1.471986,0.002962,-0.243064
-1.469485,0.015593,-0.230433
-1.466983,-0.005574,-0.251600
-1.464482,-0.010302,-0.256328
-1.461981,-0.005880,-0.251906
-1.459480,-0.020890,-0.266916
-1.456978,-0.009392,-0.255418
-1.454477,-0.003443,-0.249469
-1.451976,0.000873,-0.245153
-1.449475,-0.001215,-0.247241
-1.446973,0.011646,-0.234380
-1.444472,0.002083,-0.243944
-1.441971,0.034557,-0.211469
-1.439470,0.005944,-0.240082
-1.436968,0.034376,-0.211651
-1.434467,-0.013775,-0.259802
-1.431966,0.010031,-0.235996
-1.429465,-0.004958,-0.250984
-1.426963,0.011433,-0.234594
-1.424462,0.011314,-0.234712
-1.421961,-0.041644,-0.287670
-1.419460,-0.025280,-0.271307
-1.416958,-0.027451,-0.273478
-1.414457,0.007655,-0.238371
-1.411956,0.028007,-0.218019
-1.409455,-0.006226,-0.252252
-1.406953,0.015475,-0.230552
-1.404452,0.010393,-0.235634
-1.401951,-0.020034,-0.266060
-1.399450,0.007572,-0.238455
-1.396948,-0.014324,-0.260350
-1.394447,0.028885,-0.217141
-1.391946,-0.000620,-0.246647
-1.389445,0.031166,-0.214861
-1.386943,-0.008097,-0.254124
-1.384442,0.011229,-0.234798
-1.381941,-0.001196,-0.247223
-1.379440,-0.038518,-0.284545
-1.376938,-0.018710,-0.264736
-1.374437,0.011668,-0.234358
-1.371936,-0.001046,-0.247072
-1.369435,-0.021312,-0.267338
-1.366933,-0.011933,-0.257959
-1.364432,0.004753,-0.241273
-1.361931,-0.018917,-0.264943
-1.359430,0.018573,-0.227454
-1.356928,-0.012206,-0.258232
-1.354427,0.034459,-0.211568
-1.351926,-0.020571,-0.266598
-1.349425,0.003795,-0.242232
-1.346923,-0.028976,-0.275002
-1.344422,-0.013785,-0.259812
-1.341921,-0.011301,-0.257328
-1.339420,0.007645,-0.238381
-1.336918,0.017948,-0.228079
-1.334417,0.005724,-0.240302
-1.331916,-0.007107,-0.253133
-1.329415,0.015535,-0.230491
-1.326913,0.015219,-0.230808
-1.324412,0.002290,-0.243736
-1.321911,0.010882,-0.235144
-1.319410,0.007864,-0.238163
-1.316908,-0.018802,-0.264828
-1.314407,0.014470,-0.231557
-1.311906,-0.012520,-0.258546
-1.309405,-0.011505,-0.257531
-1.306903,0.003371,-0.242656
-1.304402,-0.005858,-0.251884
-1.301901,-0.002511,-0.248538
-1.299400,0.011342,-0.234685
-1.296898,0.019942,-0.226084
-1.294397,-0.003771,-0.249797
-1.291896,0.006242,-0.239784
-1.289395,-0.004540,-0.250566
-1.286893,0.004374,-0.241653
-1.284392,0.008382,-0.237644
-1.281891,-0.011751,-0.257778
-1.279390,0.005236,-0.240791
-1.276888,0.011451,-0.234575
-1.274387,0.001758,-0.244268
-1.271886,0.032953,-0.213073
-1.269385,-0.011593,-0.257619
-1.266883,-0.014041,-0.260067
-1.264382,-0.033335,-0.279362
-1.261881,0.017345,-0.228682
-1.259380,0.016518,-0.229508
-1.256878,-0.001522,-0.247548
-1.254377,0.017116,-0.228910
-1.251876,0.003500,-0.242527
-1.249375,0.005540,-0.240487
-1.246873,0.002152,-0.243875
-1.244372,0.008381,-0.237645
-1.241871,0.001937,-0.244090
-1.239370,0.053099,-0.192928
-1.236868,-0.022225,-0.268251
-1.234367,-0.035324,-0.281351
-1.231866,-0.021730,-0.267756
-1.229365,-0.020828,-0.266855
-1.226863,-0.008260,-0.254287
-1.224362,-0.003209,-0.249236
-1.221861,-0.004163,-0.250189
-1.219360,0.010312,-0.235714
-1.216858,0.007416,-0.238611
-1.214357,0.014311,-0.231715
-1.211856,0.033876,-0.212151
-1.209355,0.023299,-0.222727
-1.206853,-0.024446,-0.270472
-1.204352,-0.044367,-0.290393
-1.201851,0.017182,-0.228845
-1.199350,-0.034969,-0.280995
-1.196848,0.001272,-0.244755
-1.194347,0.000676,-0.245350
-1.191846,0.042428,-0.203599
-1.189345,-0.001319,-0.247345
-1.186843,-0.009665,-0.255691
-1.184342,0.004492,-0.241534
-1.181841,0.004683,-0.241344
-1.179340,0.001334,-0.244692
-1.176838,-0.011593,-0.257620
-1.174337,-0.023290,-0.269317
-1.171836,0.006029,-0.239997
-1.169335,-0.025582,-0.271608
-1.166833,-0.019663,-0.265689
-1.164332,0.025360,-0.220667
-1.161831,-0.007980,-0.254006
-1.159330,-0.002673,-0.248699
-1.156828,0.017142,-0.228885
-1.154327,-0.005717,-0.251743
-1.151826,0.019609,-0.226417
-1.149325,-0.006574,-0.252600
-1.146823,0.019294,-0.226732
-1.144322,0.011989,-0.234038
-1.141821,-0.004058,-0.250084
-1.139320,-0.016492,-0.262518
-1.136818,-0.019871,-0.265898
-1.134317,-0.005145,-0.251171
-1.131816,-0.008347,-0.254373
-1.129315,-0.007785,-0.253812
-1.126813,0.018737,-0.227290
-1.124312,-0.005671,-0.251697
-1.121811,0.021787,-0.224239
-1.119310,-0.010127,-0.256154
-1.116808,0.018527,-0.227499
-1.114307,-0.009949,-0.255975
-1.111806,0.003364,-0.242663
-1.109305,0.018493,-0.227534
-1.106803,-0.007886,-0.253913
-1.104302,-0.008349,-0.254375
-1.101801,0.038165,-0.207862
-1.099300,0.018116,-0.227910
-1.096798,-0.008230,-0.254256
-1.094297,0.012362,-0.233664
-1.091796,-0.006859,-0.252886
-1.089295,0.013447,-0.232579
-1.086793,0.026972,-0.219054
-1.084292,-0.030566,-0.276592
-1.081791,0.019600,-0.226427
-1.079290,0.027774,-0.218252
-1.076788,0.000904,-0.245122
-1.074287,0.033266,-0.212760
-1.071786,0.002960,-0.243066
-1.069285,-0.023567,-0.269593
-1.066783,-0.041786,-0.287812
-1.064282,-0.006351,-0.252378
-1.061781,0.013593,-0.232433
-1.059280,0.006047,-0.239980
-1.056778,0.007879,-0.238147
-1.054277,-0.010993,-0.257020
-1.051776,0.002743,-0.243283
-1.049275,-0.031217,-0.277243
-1.046773,-0.014480,-0.260506
-1.044272,-0.015598,-0.261624
-1.041771,0.009901,-0.236126
-1.039270,-0.000270,-0.246296
-1.036768,-0.022013,-0.268039
-1.034267,-0.000181,-0.246208
-1.031766,-0.013141,-0.259167
-1.029265,-0.012701,-0.258727
-1.026763,0.016462,-0.229564
-1.024262,0.002161,-0.243866
-1.021761,0.007589,-0.238438
-1.019260,0.016840,-0.229187
-1.016758,0.003434,-0.242592
-1.014257,0.010494,-0.235533
-1.011756,0.013010,-0.233016
-1.009255,0.022300,-0.223726
-1.006753,0.009065,-0.236961
-1.004252,0.026903,-0.219123
-1.001751,0.000431,-0.245596
-0.999250,-0.000912,-0.246938
-0.996748,0.032410,-0.213616
-0.994247,-0.009710,-0.255736
-0.991746,-0.000054,-0.246081
-0.989245,0.017523,-0.228503
-0.986743,0.002854,-0.243173
-0.984242,0.026764,-0.219262
-0.981741,0.019700,-0.226326
-0.979240,0.005554,-0.240472
-0.976738,-0.014815,-0.260842
-0.974237,0.010796,-0.235231
-0.971736,-0.026339,-0.272365
-0.969235,0.004657,-0.241369
-0.966733,0.015401,-0.230626
-0.964232,0.004058,-0.241968
-0.961731,0.016758,-0.229269
-0.959230,0.038841,-0.207186
-0.956728,0.017601,-0.228425
-0.954227,0.005085,-0.240942
-0.951726,0.012224,-0.233803
-0.949225,0.008105,-0.237921
-0.946723,-0.025045,-0.271072
-0.944222,-0.007933,-0.253959
-0.941721,0.023330,-0.222696
-0.939220,-0.000830,-0.246857
-0.936718,0.011095,-0.234931
-0.934217,-0.019174,-0.265200
-0.931716,0.001229,-0.244797
-0.929215,0.011436,-0.234591
-0.926713,-0.025937,-0.271963
-0.924212,0.006622,-0.239405
-0.921711,-0.003464,-0.249490
-0.919210,-0.017898,-0.263925
-0.916708,-0.000715,-0.246741
-0.914207,-0.036125,-0.282151
-0.911706,-0.040538,-0.286564
-0.909205,-0.022420,-0.268447
-0.906703,-0.018870,-0.264896
-0.904202,-0.022346,-0.268373
-0.901701,-0.032869,-0.278896
-0.899200,0.005491,-0.240536
-0.896698,-0.030369,-0.276396
-0.894197,0.002100,-0.243927
-0.891696,0.014994,-0.231033
-0.889195,-0.000042,-0.246069
-0.886693,0.001774,-0.244253
-0.884192,-0.007204,-0.253230
-0.881691,-0.028245,-0.274271
-0.879190,-0.000835,-0.246861
-0.876688,0.018304,-0.227723
-0.874187,0.033114,-0.212913
-0.871686,-0.008195,-0.254222
-0.869185,-0.031000,-0.277027
-0.866683,0.003169,-0.242857
-0.864182,0.007168,-0.238859
-0.861681,-0.004323,-0.250350
-0.859180,-0.021887,-0.267913
-0.856678,0.038564,-0.207463
-0.854177,-0.044949,-0.290975
-0.851676,-0.009715,-0.255741
-0.849175,-0.025177,-0.271203
-0.846673,-0.012118,-0.258145
-0.844172,0.006055,-0.239971
-0.841671,0.002630,-0.243397
-0.839170,-0.013540,-0.259566
-0.836668,0.014802,-0.231224
-0.834167,0.011857,-0.234170
-0.831666,0.012333,-0.233694
-0.829165,-0.008108,-0.254135
-0.826663,0.019975,-0.226051
-0.824162,0.012586,-0.233440
-0.821661,0.047792,-0.198234
-0.819160,0.020259,-0.225767
-0.816658,0.022039,-0.223987
-0.814157,0.001009,-0.245017
-0.811656,-0.024544,-0.270570
-0.809155,-0.007072,-0.253098
-0.806653,-0.014436,-0.260462
-0.804152,-0.010744,-0.256770
-0.801651,0.010575,-0.235451
-0.799150,-0.010607,-0.256633
-0.796648,-0.017052,-0.263078
-0.794147,-0.007798,-0.253824
-0.791646,-0.003065,-0.249091
-0.789145,0.007798,-0.238229
-0.786643,-0.018148,-0.264174
-0.784142,0.006045,-0.239981
-0.781641,0.001486,-0.244540
-0.779140,0.025230,-0.220797
-0.776638,-0.004061,-0.250087
-0.774137,-0.002562,-0.248588
-0.771636,-0.022314,-0.268341
-0.769135,-0.026389,-0.272416
-0.766633,0.005915,-0.240111
-0.764132,-0.004753,-0.250779
-0.761631,0.009596,-0.236430
-0.759130,-0.017005,-0.263032
-0.756628,0.036357,-0.209669
-0.754127,0.002328,-0.243698
-0.751626,0.019946,-0.226080
-0.749125,-0.004323,-0.250349
-0.746623,-0.003096,-0.249122
-0.744122,0.013145,-0.232881
-0.741621,0.010587,-0.235439
-0.739120,-0.021341,-0.267367
-0.736618,-0.029198,-0.275224
-0.734117,-0.020914,-0.266941
-0.731616,-0.026970,-0.272997
-0.729115,0.001135,-0.244892
-0.726613,-0.007834,-0.253861
-0.724112,-0.007011,-0.253037
-0.721611,-0.025926,-0.271953
-0.719110,0.014851,-0.231176
-0.716608,0.008371,-0.237656
-0.714107,-0.001707,-0.247734
-0.711606,0.019453,-0.226573
-0.709105,-0.016649,-0.262676
-0.706603,0.007900,-0.238126
-0.704102,0.006638,-0.239389
-0.701601,0.006653,-0.239373
-0.699100,-0.013892,-0.259919
-0.696598,0.006226,-0.239800
-0.694097,-0.009808,-0.255835
-0.691596,-0.017077,-0.263104
-0.689095,-0.022922,-0.268949
-0.686593,0.019770,-0.226256
-0.684092,-0.016115,-0.262142
-0.681591,-0.003294,-0.249320
-0.679090,-0.023025,-0.269051
-0.676588,-0.005660,-0.251687
-0.674087,-0.061570,-0.307597
-0.671586,-0.020707,-0.266733
-0.669085,-0.027174,-0.273200
-0.666583,-0.019325,-0.265352
-0.664082,-0.004063,-0.250089
-0.661581,-0.006198,-0.252224
-0.659080,0.037041,-0.208986
-0.656578,-0.010892,-0.256919
-0.654077,-0.004763,-0.250789
-0.651576,-0.029895,-0.275922
-0.649075,-0.009094,-0.255121
-0.646573,-0.025488,-0.271515
-0.644072,0.000577,-0.245449
-0.641571,0.016251,-0.229775
-0.639070,0.007701,-0.238325
-0.636568,-0.013347,-0.259373
-0.634067,-0.031062,-0.277088
-0.631566,0.027813,-0.218213
-0.629065,0.039053,-0.206973
-0.626563,0.002296,-0.243731
-0.624062,-0.018858,-0.264884
-0.621561,0.022818,-0.223209
-0.619060,-0.011290,-0.257316
-0.616558,-0.008950,-0.254976
-0.614057,0.016885,-0.229141
-0.611556,-0.026388,-0.272415
-0.609055,-0.037276,-0.283303
-0.606553,0.008014,-0.238012
-0.604052,0.007634,-0.238392
-0.601551,0.001812,-0.244214
-0.599050,0.009462,-0.236565
-0.596548,0.020617,-0.225410
-0.594047,0.018487,-0.227539
-0.591546,-0.010831,-0.256858
-0.589045,0.015430,-0.230596
-0.586543,0.003300,-0.242726
-0.584042,-0.009631,-0.255657
-0.581541,-0.022732,-0.268759
-0.579040,0.012325,-0.233702
-0.576538,-0.006737,-0.252763
-0.574037,0.000885,-0.245142
-0.571536,-0.015106,-0.261132
-0.569035,-0.029537,-0.275564
-0.566533,0.003269,-0.242758
-0.564032,-0.001184,-0.247210
-0.561531,0.022841,-0.223185
-0.559030,0.015272,-0.230754
-0.556528,0.020065,-0.225961
-0.554027,-0.014266,-0.260292
-0.551526,-0.017837,-0.263863
-0.549025,-0.024176,-0.270202
-0.546523,0.009487,-0.236540
-0.544022,0.053132,-0.192894
-0.541521,0.013860,-0.232166
-0.539020,-0.014727,-0.260753
-0.536518,0.015938,-0.230088
-0.534017,-0.021495,-0.267521
-0.531516,-0.027136,-0.273163
-0.529015,0.013667,-0.232359
-0.526513,-0.014819,-0.260845
-0.524012,0.006020,-0.240007
-0.521511,0.026794,-0.219232
-0.519010,0.007641,-0.238385
-0.516508,0.017710,-0.228316
-0.514007,-0.030591,-0.276617
-0.511506,0.012602,-0.233424
-0.509005,0.040738,-0.205288
-0.506503,0.010309,-0.235718
-0.504002,-0.029354,-0.275380
-0.501501,-0.003870,-0.249896
-0.498999,-0.009524,-0.255551
-0.496498,0.007297,-0.238730
-0.493997,0.007849,-0.238177
-0.491496,0.007725,-0.238302
-0.488994,-0.006930,-0.252956
-0.486493,-0.011416,-0.257442
-0.483992,-0.011232,-0.257258
-0.481491,0.016260,-0.229766
-0.478989,-0.035300,-0.281326
-0.476488,-0.003949,-0.249975
-0.473987,0.005151,-0.240876
-0.471486,-0.012435,-0.258462
-0.468984,0.009091,-0.236935
-0.466483,-0.001359,-0.247385
-0.463982,-0.017875,-0.263901
-0.461481,0.003074,-0.242952
-0.458979,-0.005109,-0.251135
-0.456478,-0.007808,-0.253834
-0.453977,-0.013551,-0.259577
-0.451476,0.001171,-0.244856
-0.448974,-0.035169,-0.281195
-0.446473,-0.007588,-0.253615
-0.443972,-0.010355,-0.256381
-0.441471,-0.017372,-0.263398
-0.438969,0.012434,-0.233592
-0.436468,-0.013988,-0.260014
-0.433967,0.010299,-0.235727
-0.431466,0.018590,-0.227437
-0.428964,-0.002988,-0.249015
-0.426463,0.005292,-0.240734
-0.423962,0.012183,-0.233844
-0.421461,-0.001543,-0.247569
-0.418959,0.010304,-0.235723
-0.416458,-0.024052,-0.270078
-0.413957,0.021154,-0.224873
-0.411456,-0.018851,-0.264878
-0.408954,-0.034839,-0.280866
-0.406453,0.026375,-0.219652
-0.403952,-0.001195,-0.247221
-0.401451,0.008552,-0.237474
-0.398949,-0.006920,-0.252946
-0.396448,-0.019442,-0.265468
-0.393947,-0.058540,-0.304567
-0.391446,0.011931,-0.234096
-0.388944,-0.005461,-0.251488
-0.386443,-0.003759,-0.249786
-0.383942,0.007727,-0.238300
-0.381441,-0.027039,-0.273065
-0.378939,-0.013896,-0.259922
-0.376438,0.021857,-0.224170
-0.373937,0.011389,-0.234637
-0.371436,-0.024408,-0.270435
-0.368934,-0.041972,-0.287999
-0.366433,-0.010882,-0.256909
-0.363932,0.004077,-0.241950
-0.361431,0.017952,-0.228074
-0.358929,0.001785,-0.244241
-0.356428,-0.021380,-0.267406
-0.353927,0.005832,-0.240194
-0.351426,-0.022333,-0.268359
-0.348924,-0.018306,-0.264333
-0.346423,-0.012454,-0.258480
-0.343922,-0.023420,-0.269446
-0.341421,-0.005162,-0.251188
-0.338919,-0.017144,-0.263170
-0.336418,-0.005442,-0.251469
-0.333917,-0.008809,-0.254835
-0.331416,-0.007806,-0.253833
-0.328914,-0.009592,-0.255619
-0.326413,0.023494,-0.222532
-0.323912,0.011626,-0.234400
-0.321411,0.001125,-0.244901
-0.318909,-0.027945,-0.273972
-0.316408,-0.030972,-0.276998
-0.313907,-0.037429,-0.283455
-0.311406,0.049629,-0.196397
-0.308904,0.018524,-0.227503
-0.306403,0.004895,-0.241131
-0.303902,-0.018559,-0.264586
-0.301401,-0.021838,-0.267865
-0.298899,0.010433,-0.235594
-0.296398,0.029815,-0.216212
-0.293897,-0.032258,-0.278285
-0.291396,-0.008561,-0.254587
-0.288894,-0.001606,-0.247632
-0.286393,-0.037948,-0.283974
-0.283892,0.016026,-0.230001
-0.281391,-0.007899,-0.253926
-0.278889,0.036427,-0.209599
-0.276388,-0.007447,-0.253473
-0.273887,0.007795,-0.238231
-0.271386,-0.021763,-0.267790
-0.268884,-0.011904,-0.257930
-0.266383,-0.022264,-0.268291
-0.263882,0.007479,-0.238548
-0.261381,0.024800,-0.221226
-0.258879,-0.011309,-0.257335
-0.256378,0.008313,-0.237713
-0.253877,-0.009608,-0.255634
-0.251376,0.001945,-0.244081
-0.248874,0.022789,-0.223238
-0.246373,0.002291,-0.243735
-0.243872,-0.019752,-0.265778
-0.241371,-0.016328,-0.262354
-0.238869,-0.003236,-0.249262
-0.236368,-0.003651,-0.249678
-0.233867,-0.016494,-0.262520
-0.231366,0.003442,-0.242585
-0.228864,0.024127,-0.221899
-0.226363,-0.004785,-0.250811
-0.223862,-0.003897,-0.249923
-0.221361,-0.041939,-0.287965
-0.218859,-0.014754,-0.260781
-0.216358,-0.026542,-0.272568
-0.213857,-0.007358,-0.253384
-0.211356,0.010012,-0.236014
-0.208854,0.029018,-0.217008
-0.206353,0.034261,-0.211765
-0.203852,-0.002227,-0.248253
-0.201351,-0.006100,-0.252126
-0.198849,0.015574,-0.230453
-0.196348,0.009338,-0.236689
-0.193847,0.014578,-0.231448
-0.191346,0.014826,-0.231200
-0.188844,-0.028200,-0.274226
-0.186343,0.010294,-0.235732
-0.183842,-0.001744,-0.247770
-0.181341,-0.014483,-0.260509
-0.178839,-0.013213,-0.259239
-0.176338,0.024412,-0.221615
-0.173837,-0.015426,-0.261452
-0.171336,-0.023561,-0.269588
-0.168834,0.004090,-0.241937
-0.166333,0.038305,-0.207721
-0.163832,0.000487,-0.245540
-0.161331,0.005873,-0.240153
-0.158829,-0.017874,-0.263900
-0.156328,0.031894,-0.214133
-0.153827,0.002381,-0.243645
-0.151326,0.010098,-0.235928
-0.148824,-0.018137,-0.264163
-0.146323,0.016270,-0.229757
-0.143822,0.007413,-0.238613
-0.141321,-0.022022,-0.268048
-0.138819,0.000757,-0.245269
-0.136318,-0.008584,-0.254610
-0.133817,0.002081,-0.243945
-0.131316,-0.004773,-0.250799
-0.128814,-0.003618,-0.249644
-0.126313,-0.019677,-0.265703
-0.123812,-0.006159,-0.252185
-0.121311,0.014602,-0.231424
-0.118809,0.033236,-0.212790
-0.116308,-0.022108,-0.268134
-0.113807,0.045290,-0.200737
-0.111306,0.029072,-0.216955
-0.108804,0.003210,-0.242816
-0.106303,-0.005738,-0.251764
-0.103802,-0.013309,-0.259336
-0.101301,0.015864,-0.230162
-0.098799,-0.013232,-0.259259
-0.096298,-0.008799,-0.254825
-0.093797,0.016833,-0.229193
-0.091296,0.008305,-0.237722
-0.088794,0.017083,-0.228943
-0.086293,0.009615,-0.236411
-0.083792,-0.007637,-0.253663
-0.081291,-0.009789,-0.255815
-0.078789,0.015171,-0.230856
-0.076288,-0.012786,-0.258813
-0.073787,0.022606,-0.223421
-0.071286,0.015063,-0.230963
-0.068784,0.005481,-0.240545
-0.066283,0.000061,-0.245965
-0.063782,0.006965,-0.239061
-0.061281,0.067183,-0.178843
-0.058779,-0.002142,-0.248168
-0.056278,-0.029653,-0.275679
-0.053777,0.036483,-0.209544
-0.051276,0.011618,-0.234409
-0.048774,-0.012343,-0.258369
-0.046273,0.049860,-0.196166
-0.043772,0.010496,-0.235531
-0.041271,0.005605,-0.240422
-0.038769,-0.014818,-0.260844
-0.036268,-0.020287,-0.266313
-0.033767,-0.033688,-0.279715
-0.031266,-0.008057,-0.254083
-0.028764,-0.020062,-0.266088
-0.026263,0.012340,-0.233687
-0.023762,-0.006051,-0.252077
-0.021261,0.033699,-0.212327
-0.018759,0.028777,-0.217250
-0.016258,0.003124,-0.242902
-0.013757,-0.005387,-0.251413
-0.011256,0.021949,-0.224078
-0.008754,-0.021841,-0.267867
-0.006253,0.012834,-0.233192
-0.003752,-0.012747,-0.258773
-0.001251,-0.007626,-0.253653
0.001251,-0.012798,-0.258824
0.003752,0.010966,-0.235061
0.006253,-0.014823,-0.260849
0.008754,-0.020261,-0.266287
0.011256,0.010534,-0.235492
0.013757,-0.008066,-0.254093
0.016258,0.006888,-0.239138
0.018759,-0.006703,-0.252730
0.021261,0.005135,-0.240892
0.023762,-0.048853,-0.294879
0.026263,0.008875,-0.237152
0.028764,0.035310,-0.210716
0.031266,0.019798,-0.226228
0.033767,0.017353,-0.228674
0.036268,-0.004567,-0.250593
0.038769,0.003448,-0.242578
0.041271,0.004653,-0.241373
0.043772,0.001836,-0.244190
0.046273,-0.015820,-0.261847
0.048774,-0.006710,-0.252737
0.051276,-0.003329,-0.249356
0.053777,-0.009156,-0.255183
0.056278,0.015942,-0.230085
0.058779,0.048356,-0.197671
0.061281,-0.025210,-0.271236
0.063782,0.002445,-0.243581
0.066283,-0.027477,-0.273504
0.068784,0.024813,-0.221214
0.071286,0.026859,-0.219168
0.073787,-0.031671,-0.277698
0.076288,0.037027,-0.208999
0.078789,-0.020664,-0.266690
0.081291,0.004321,-0.241705
0.083792,0.020935,-0.225092
0.086293,0.002804,-0.243222
0.088794,0.043732,-0.202294
0.091296,0.052436,-0.193590
0.093797,0.002635,-0.243391
0.096298,-0.036330,-0.282356
0.098799,-0.006953,-0.252979
0.101301,-0.016156,-0.262183
0.103802,-0.014569,-0.260595
0.106303,-0.021483,-0.267509
0.108804,0.001489,-0.244537
0.111306,0.040131,-0.205895
0.113807,-0.013637,-0.259663
0.116308,-0.005344,-0.251370
0.118809,0.022221,-0.223805
0.121311,0.023104,-0.222922
0.123812,0.009250,-0.236777
0.126313,0.019546,-0.226481
0.128814,0.016587,-0.229439
0.131316,-0.007272,-0.253299
0.133817,0.008170,-0.237856
0.136318,-0.005698,-0.251725
0.138819,-0.017142,-0.263169
0.141321,2.012092,-0.233934
0.143822,2.001285,-0.244694
0.146323,1.996435,-0.249402
0.148824,2.005557,-0.240045
0.151326,2.018816,-0.226460
0.153827,2.007485,-0.237372
0.156328,2.003706,-0.240643
0.158829,2.005330,-0.238422
0.161331,2.000976,-0.242091
0.163832,1.985246,-0.257049
0.166333,2.014988,-0.226449
0.168834,2.026840,-0.213655
0.171336,1.989825,-0.249643
0.173837,2.036724,-0.201635
0.176338,1.996642,-0.240524
0.178839,1.995357,-0.240537
0.181341,1.982901,-0.251640
0.183842,1.984906,-0.248203
0.186343,1.981846,-0.249752
0.188844,2.006742,-0.223268
0.191346,2.030423,-0.197922
0.193847,2.010048,-0.216557
0.196348,2.016273,-0.208517
0.198849,2.025562,-0.197339
0.201351,1.952384,-0.268555
0.203852,1.996808,-0.222096
0.206353,2.006725,-0.210074
0.208854,2.013664,-0.200959
0.211356,1.975143,-0.237233
0.213857,1.980838,-0.229223
0.216358,2.015063,-0.192615
0.218859,1.997779,-0.207447
0.221361,2.010536,-0.192173
0.223862,1.981700,-0.218426
0.226363,1.968876,-0.228601
0.228864,2.014501,-0.180264
0.231366,2.022733,-0.169256
0.233867,2.031091,-0.158058
0.236368,1.970812,-0.215436
0.238869,1.974533,-0.208752
0.241371,1.971923,-0.208338
0.243872,1.999206,-0.177971
0.246373,1.988275,-0.185759
0.248874,2.025035,-0.145798
0.251376,1.972281,-0.195291
0.253877,1.966808,-0.197447
0.256378,2.003911,-0.156970
0.258879,2.022725,-0.134726
0.261381,1.984706,-0.169260
0.263882,1.975890,-0.174537
0.266383,1.997155,-0.149677
0.268884,1.968826,-0.174359
0.271386,2.000330,-0.139154
0.273887,2.015781,-0.119950
0.276388,2.004148,-0.127779
0.278889,1.963629,-0.164442
0.281391,1.989774,-0.134391
0.283892,1.994246,-0.125963
0.286393,2.034549,-0.081655
0.288894,2.017428,-0.094722
0.291396,1.998913,-0.109135
0.293897,2.024943,-0.078954
0.296398,1.980098,-0.119602
0.298899,1.993366,-0.102091
0.301401,2.026909,-0.064257
0.303902,2.028620,-0.058211
0.306403,2.013914,-0.068537
0.308904,2.009349,-0.068678
0.311406,1.988834,-0.084723
0.313907,2.014190,-0.054855
0.316408,1.984224,-0.080267
0.318909,2.010945,-0.048948
0.321411,2.005369,-0.049884
0.323912,2.021704,-0.028869
0.326413,1.991887,-0.053963
0.328914,2.012118,-0.028970
0.331416,2.015110,-0.021175
0.333917,1.982886,-0.048557
0.336418,2.002976,-0.023585
0.338919,2.030428,0.008786
0.341421,2.002142,-0.014541
0.343922,1.994121,-0.017566
0.346423,2.008699,0.002046
0.348924,1.994759,-0.006823
0.351426,2.008442,0.011966
0.353927,1.997433,0.006100
0.356428,1.999651,0.013497
0.358929,2.008778,0.027839
0.361431,2.025952,0.050262
0.363932,2.008608,0.038202
0.366433,2.031402,0.066313
0.368934,1.961360,0.001622
0.371436,1.991442,0.037089
0.373937,2.004496,0.055561
0.376438,1.984090,0.040605
0.378939,1.975693,0.037691
0.381441,2.011755,0.079266
0.383942,2.011672,0.084729
0.386443,2.005513,0.084147
0.388944,2.007531,0.091772
0.391446,1.983416,0.073295
0.393947,1.990519,0.086066
0.396448,1.997968,0.099213
0.398949,1.986897,0.093869
0.401451,2.006322,0.119050
0.403952,2.045058,0.163570
0.406453,1.990814,0.115138
0.408954,2.012334,0.142500
0.411456,1.980294,0.116328
0.413957,2.025519,0.167449
0.416458,1.981538,0.129391
0.418959,2.003976,0.157779
0.421461,1.988216,0.147995
0.423962,2.009754,0.175535
0.426463,2.000216,0.172026
0.428964,1.999162,0.177025
0.431466,2.056180,0.240122
0.433967,1.987998,0.178044
0.436468,1.999107,0.195281
0.438969,2.051112,0.253439
0.441471,1.978156,0.186660
0.443972,2.010535,0.225240
0.446473,1.979493,0.200423
0.448974,2.019634,0.246811
0.451476,2.006239,0.239687
0.453977,2.012423,0.252164
0.456478,1.994688,0.240745
0.458979,2.004671,0.257067
0.461481,2.028051,0.286807
0.463982,1.956659,0.221797
0.466483,1.968886,0.240427
0.468984,2.007915,0.285880
0.471486,1.987527,0.271938
0.473987,1.994355,0.285232
0.476488,1.971484,0.268848
0.478989,1.982763,0.286634
0.481491,1.992300,0.302699
0.483992,1.986174,0.303119
0.486493,1.983493,0.307005
0.488994,1.991964,0.322061
0.491496,1.982042,0.318745
0.493997,2.025563,0.368889
0.496498,1.981170,0.331139
0.498999,2.034632,0.391262
0.501501,1.992867,0.356176
0.504002,1.972344,0.342351
0.506503,1.988214,0.364936
0.509005,2.017802,0.401257
0.511506,2.020115,0.410321
0.514007,2.003052,0.400025
0.516508,2.005475,0.409232
0.519010,2.012057,0.422616
0.521511,1.972205,0.389582
0.524012,1.988918,0.413130
0.526513,1.965136,0.396198
0.529015,1.991445,0.429374
0.531516,2.018084,0.462896
0.534017,2.013667,0.465378
0.536518,2.043583,0.502208
0.539020,2.003176,0.468730
0.541521,1.958919,0.431417
0.544022,2.032183,0.511641
0.546523,2.024427,0.510860
0.549025,1.988901,0.482323
0.551526,2.004241,0.504666
0.554027,2.014849,0.522292
0.556528,2.007329,0.521804
0.559030,2.013266,0.534787
0.561531,1.997853,0.526434
0.564032,1.999260,0.534915
0.566533,2.001678,0.544420
0.569035,1.984957,0.534800
0.571536,2.027107,0.584064
0.574037,2.000121,0.564204
0.576538,2.013077,0.584300
0.579040,1.983714,0.562089
0.581541,1.979517,0.565057
0.584042,1.998267,0.590985
0.586543,1.995185,0.595093
0.589045,2.022761,0.629872
0.591546,2.011546,0.625870
0.594047,2.010297,0.631847
0.596548,1.972474,0.601262
0.599050,1.981565,0.617603
0.601551,2.003849,0.647148
0.604052,1.993373,0.643944
0.606553,2.024576,0.682431
0.609055,2.025549,0.690698
0.611556,1.988936,0.661391
0.614057,2.016671,0.696443
0.616558,2.026583,0.713682
0.619060,2.006115,0.700552
0.621561,2.030925,0.732711
0.624062,2.020239,0.729383
0.626563,2.004079,0.720592
0.629065,2.016703,0.740595
0.631566,2.003703,0.734985
0.634067,1.992096,0.730777
0.636568,2.006829,0.752918
0.639070,2.000690,0.754198
0.641571,1.993054,0.753990
0.644072,2.033738,0.802111
0.646573,2.004215,0.780036
0.649075,2.052014,0.835290
0.651576,1.994358,0.785100
0.654077,2.010750,0.808966
0.656578,2.030149,0.835848
0.659080,2.051992,0.865183
0.661581,2.005783,0.826475
0.664082,1.984946,0.813147
0.666583,2.015304,0.851024
0.669085,1.974856,0.818101
0.671586,1.994783,0.845563
0.674087,2.005179,0.863502
0.676588,2.028376,0.894250
0.679090,2.027378,0.900811
0.681591,1.999475,0.880475
0.684092,2.017601,0.906176
0.686593,1.993880,0.890037
0.689095,2.012594,0.916342
0.691596,2.036486,0.947832
0.694097,2.002986,0.921937
0.696598,1.994275,0.920839
0.699100,1.990474,0.924658
0.701601,2.013649,0.955460
0.704102,2.025475,0.974921
0.706603,2.040494,0.997582
0.709105,2.001030,0.965766
0.711606,2.003106,0.975497
0.714107,1.987947,0.968001
0.716608,2.030708,1.018431
0.719110,1.998563,0.993962
0.721611,1.990985,0.994066
0.724112,2.041610,1.052380
0.726613,2.015428,1.033894
0.729115,2.013646,1.039814
0.731616,1.980844,1.014719
0.734117,2.008267,1.049857
0.736618,2.009909,1.059219
0.739120,1.979193,1.036230
0.741621,1.995699,1.060468
0.744122,1.992286,1.064794
0.746623,2.010056,1.090308
0.749125,1.980817,1.068820
0.751626,2.020746,1.116505
0.754127,2.034002,1.137523
0.756628,1.994213,1.105501
0.759130,1.999834,1.118895
0.761631,2.009651,1.136491
0.764132,2.022922,1.157545
0.766633,2.009944,1.152357
0.769135,2.007564,1.157770
0.771636,1.990802,1.148809
0.774137,1.995590,1.161401
0.776638,2.011685,1.185306
0.779140,2.032058,1.213495
0.781641,2.010828,1.200085
0.784142,1.977025,1.174107
0.786643,2.008250,1.213161
0.789145,1.998245,1.210992
0.791646,1.995351,1.215937
0.794147,1.995824,1.224255
0.796648,1.983240,1.219520
0.799150,1.993889,1.238022
0.801651,1.985057,1.237048
0.804152,1.993047,1.252901
0.806653,2.002234,1.269955
0.809155,2.003321,1.278913
0.811656,1.995892,1.279360
0.814157,1.997093,1.288441
0.816658,2.000642,1.299875
0.819160,2.008730,1.315852
0.821661,2.024415,1.339429
0.824162,2.011813,1.334724
0.826663,1.994539,1.325351
0.829165,2.011392,1.350109
0.831666,1.995323,1.341949
0.834167,1.966077,1.320616
0.836668,1.955285,1.317741
0.839170,1.967356,1.337733
0.841671,1.995483,1.373784
0.844172,1.988196,1.374425
0.846673,1.986281,1.380442
0.849175,2.000775,1.402871
0.851676,1.987446,1.397482
0.854177,1.987989,1.405967
0.856678,2.011613,1.437538
0.859180,2.014903,1.448778
0.861681,2.046417,1.488245
0.864182,2.005761,1.455546
0.866683,2.001111,1.458856
0.869185,1.989063,1.454771
0.871686,1.996281,1.469956
0.874187,1.999037,1.480682
0.876688,1.966552,1.456171
0.879190,1.995097,1.492692
0.881691,2.014279,1.519853
0.884192,1.989127,1.502684
0.886693,2.009415,1.530958
0.889195,2.018887,1.548418
0.891696,2.020520,1.558043
0.894197,2.014799,1.560317
0.896698,1.956950,1.510466
0.899200,1.989249,1.550765
0.901701,2.017173,1.586693
0.904202,2.007519,1.585045
0.906703,2.000092,1.585628
0.909205,2.008323,1.601870
0.911706,2.021528,1.623090
0.914207,2.002929,1.612509
0.916708,1.985548,1.603147
0.919210,1.996568,1.622190
0.921711,1.996042,1.629689
0.924212,2.017083,1.658758
0.926713,2.007854,1.657560
0.929215,2.010430,1.668169
0.931716,2.002816,1.668591
0.934217,1.993099,1.666911
0.936718,2.001165,1.683018
0.939220,2.004128,1.694024
0.941721,1.973366,1.671307
0.944222,2.003407,1.709396
0.946723,2.017670,1.731709
0.949225,1.997901,1.719992
0.951726,2.029954,1.760100
0.954227,2.010677,1.748879
0.956728,1.991992,1.738254
0.959230,1.997067,1.751390
0.961731,1.994757,1.757143
0.964232,2.004593,1.775045
0.966733,2.014377,1.792896
0.969235,1.994439,1.781028
0.971736,2.008733,1.803394
0.974237,2.033438,1.836173
0.976738,2.017745,1.828556
0.979240,2.015721,1.834610
0.981741,1.984478,1.811447
0.984242,1.989823,1.824874
0.986743,2.004621,1.847755
0.989245,1.998083,1.849303
0.991746,1.969043,1.828351
0.994247,1.971150,1.838548
0.996748,2.019549,1.895038
0.999250,1.985558,1.869140
1.001751,2.039592,1.931270
1.004252,1.957671,1.857445
1.006753,2.008549,1.916422
1.009255,2.000012,1.915985
1.011756,1.985594,1.909669
1.014257,2.007702,1.939881
1.016758,1.984877,1.925162
1.019260,2.016379,1.964771
1.021761,2.001274,1.957774
1.024262,1.968770,1.933381
1.026763,1.953809,1.926532
1.029265,1.994593,1.975430
1.031766,2.021828,2.010780
1.034267,2.003451,2.000520
1.036768,2.001033,2.006221
1.039270,2.013102,2.026409
1.041771,1.973456,1.994884
1.044272,2.027153,2.056704
1.046773,1.982972,2.020648
1.049275,2.000719,2.046521
1.051776,1.993074,2.047003
1.054277,2.002849,2.064906
1.056778,1.962957,2.033144
1.059280,2.029030,2.107349
1.061781,2.010398,2.096849
1.064282,2.038289,2.132875
1.066783,2.026988,2.129709
1.069285,2.000219,2.111077
1.071786,1.982111,2.101107
1.074287,1.966874,2.094009
1.076788,2.000323,2.135599
1.079290,2.004175,2.147593
1.081791,2.019923,2.171484
1.084292,1.981884,2.141590
1.086793,2.015141,2.182992
1.089295,2.001361,2.177359
1.091796,1.985261,2.169408
1.094297,2.014748,2.207044
1.096798,2.005061,2.205507
1.099300,1.995521,2.204119
1.101801,2.035762,2.252513
1.104302,2.011606,2.236510
1.106803,1.997899,2.230959
1.109305,2.005286,2.246501
1.111806,2.001658,2.251031
1.114307,2.003307,2.260838
1.116808,2.008641,2.274331
1.119310,1.988503,2.262354
1.121811,1.984817,2.266829
1.124312,2.006870,2.297045
1.126813,2.035911,2.334249
1.129315,1.994155,2.300657
1.131816,1.980708,2.295375
1.134317,1.995456,2.318290
1.136818,1.990780,2.321781
1.139320,1.993764,2.332934
1.141821,2.009059,2.356398
1.144322,1.997523,2.353033
1.146823,1.988678,2.352358
1.149325,1.991546,2.363399
1.151826,1.974806,2.354831
1.154327,1.983626,2.371826
1.156828,1.973082,2.369457
1.159330,1.990170,2.394720
1.161831,1.979329,2.392055
1.164332,1.986529,2.407432
1.166833,1.994253,2.423336
1.169335,1.977132,2.414393
1.171836,1.999631,2.445072
1.174337,2.006484,2.460106
1.176838,1.981650,2.443454
1.179340,2.021220,2.491206
1.181841,1.969785,2.447953
1.184342,1.992536,2.478889
1.186843,1.971717,2.466254
1.189345,1.993435,2.496157
1.191846,1.974779,2.485688
1.194347,1.989049,2.508145
1.196848,1.985890,2.513172
1.199350,1.977426,2.512897
1.201851,1.960664,2.504325
1.204352,2.010764,2.562615
1.206853,2.038103,2.598143
1.209355,2.042354,2.610586
1.211856,1.990624,2.567048
1.214357,1.999124,2.583740
1.216858,1.991128,2.583937
1.219360,2.001447,2.602450
1.221861,1.982497,2.591695
1.224362,1.963434,2.580827
1.226863,1.999306,2.624894
1.229365,1.976661,2.610446
1.231866,1.963759,2.605741
1.234367,2.045229,2.695409
1.236868,1.995555,2.653933
1.239370,2.007694,2.674271
1.241871,2.022717,2.697493
1.244372,1.967905,2.650882
1.246873,2.007870,2.699048
1.249375,2.009558,2.708937
1.251876,2.001582,2.709163
1.254377,2.003006,2.718789
1.256878,1.989943,2.713928
1.259380,2.013774,2.745963
1.261881,1.983809,2.724202
1.264382,1.984829,2.733427
1.266883,2.013818,2.770621
1.269385,2.032129,2.797137
1.271886,1.992639,2.765854
1.274387,1.990378,2.771800
1.276888,2.007774,2.797402
1.279390,2.020428,2.818265
1.281891,2.018440,2.824484
1.284392,2.005146,2.819399
1.286893,1.987915,2.810377
1.289395,2.011997,2.842669
1.291896,1.998491,2.837372
1.294397,2.026231,2.873323
1.296898,1.973174,2.828477
1.299400,2.002690,2.866205
1.301901,2.024569,2.896296
1.304402,1.990571,2.870511
1.306903,1.988097,2.876249
1.309405,1.982214,2.878580
1.311906,1.994690,2.899269
1.314407,1.996180,2.908973
1.316908,2.002605,2.923613
1.319410,1.983172,2.912395
1.321911,2.001572,2.939010
1.324412,1.988496,2.934150
1.326913,1.992976,2.946846
1.329415,1.984033,2.946120
1.331916,1.994619,2.964922
1.334417,2.068006,3.046527
1.336918,2.064913,3.051652
1.339420,2.021849,3.016806
1.341921,2.014997,3.018173
1.344422,1.975651,2.987046
1.346923,1.988864,3.008477
1.349425,1.988200,3.016034
1.351926,2.010197,3.046251
1.354427,2.009201,3.053474
1.356928,2.002066,3.054561
1.359430,1.993518,3.054233
1.361931,1.982363,3.051299
1.364432,2.000101,3.077260
1.366933,2.021701,3.107081
1.369435,2.008141,3.101744
1.371936,2.003449,3.105274
1.374437,2.012525,3.122573
1.376938,2.011130,3.129402
1.379440,1.969207,3.095702
1.381941,2.000358,3.135077
1.384442,1.991885,3.134829
1.386943,1.961252,3.112420
1.389445,1.974691,3.134084
1.391946,1.993906,3.161525
1.394447,2.015724,3.191568
1.396948,1.995632,3.179702
1.399450,2.004996,3.197292
1.401951,1.982893,3.183416
1.404452,1.958903,3.167652
1.406953,2.001789,3.218765
1.409455,1.981880,3.207083
1.411956,2.022338,3.255768
1.414457,2.033054,3.274712
1.416958,1.992919,3.242805
1.419460,2.022724,3.280838
1.421961,2.018167,3.284510
1.424462,1.973043,3.247615
1.426963,1.999365,3.282165
1.429465,2.004974,3.296004
1.431966,2.009963,3.309222
1.434467,2.012893,3.320382
1.436968,2.012847,3.328566
1.439470,2.012924,3.336873
1.441971,1.994045,3.326225
1.444472,2.007225,3.347635
1.446973,1.957082,3.305724
1.449475,1.977743,3.334616
1.451976,2.022897,3.388002
1.454477,1.987413,3.360749
1.456978,2.006240,3.387808
1.459480,2.028730,3.418530
1.461981,1.983066,3.381098
1.464482,1.981726,3.387990
1.466983,1.990614,3.405111
1.469485,2.008402,3.431132
1.471986,1.996099,3.427063
1.474487,1.981373,3.420569
1.476988,1.970035,3.417466
1.479490,1.992947,3.448610
1.481991,1.995787,3.459685
1.484492,1.989804,3.461936
1.486993,1.995009,3.475376
1.489495,1.979132,3.467733
1.491996,2.010463,3.507298
1.494497,1.958573,3.463644
1.496998,2.002755,3.516060
1.499500,2.012745,3.534286
1.502001,1.983830,3.513606
1.504502,1.998912,3.536924
1.507004,2.005559,3.551806
1.509505,1.988292,3.542775
1.512006,1.999740,3.562460
1.514507,2.007851,3.578807
1.517009,1.982147,3.561340
1.519510,2.015910,3.603339
1.522011,2.020851,3.616517
1.524512,2.006118,3.610021
1.527014,2.000288,3.612428
1.529515,1.977816,3.598194
1.532016,2.009427,3.638041
1.534517,1.976838,3.613690
1.537019,2.030305,3.675394
1.539520,2.010029,3.663357
1.542021,2.005045,3.666611
1.544522,1.992502,3.662306
1.547024,1.958541,3.636584
1.549525,1.977223,3.663504
1.552026,2.006960,3.701479
1.554527,2.045957,3.748715
1.557029,2.014102,3.725099
1.559530,2.005901,3.725137
1.562031,1.989675,3.717150
1.564532,2.002329,3.738044
1.567034,2.018331,3.762286
1.569535,1.995162,3.747355
1.572036,2.036038,3.796471
1.574537,1.976754,3.745427
1.577039,1.992833,3.769746
1.579540,2.000999,3.786152
1.582041,1.962778,3.756171
1.584542,2.010771,3.812405
1.587044,2.001482,3.811356
1.589545,2.001537,3.819652
1.592046,2.015139,3.841495
1.594547,2.019882,3.854479
1.597049,2.015282,3.858119
1.599550,1.991069,3.842147
1.602051,1.999112,3.858432
1.604552,2.006733,3.874294
1.607054,1.976058,3.851860
1.609555,1.980264,3.864307
1.612056,1.991866,3.884151
1.614557,2.001480,3.902006
1.617059,2.034117,3.942886
1.619560,2.015188,3.932198
1.622061,1.991570,3.916823
1.624562,1.988016,3.921510
1.627064,2.029219,3.970956
1.629565,2.052074,4.002053
1.632066,2.003190,3.961411
1.634567,1.990878,3.957342
1.637069,1.973089,3.947796
1.639570,2.018574,4.001523
1.642071,2.005519,3.996711
1.644572,2.022201,4.021636
1.647074,1.982689,3.990367
1.649575,2.004583,4.020504
1.652076,1.987540,4.011705
1.654577,2.024288,4.056695
1.657079,1.989500,4.030151
1.659580,1.998335,4.047229
1.662081,1.993374,4.050512
1.664582,2.018935,4.084316
1.667084,2.008162,4.081787
1.669585,1.980870,4.062739
1.672086,1.987947,4.078060
1.674587,1.980079,4.078436
1.677089,2.009634,4.116234
1.679590,2.006324,4.121168
1.682091,1.968845,4.091934
1.684592,1.963675,4.095008
1.687094,1.999230,4.138808
1.689595,2.013282,4.161103
1.692096,2.003216,4.159282
1.694597,1.970591,4.134901
1.697099,1.970438,4.142993
1.699600,2.016518,4.197318
1.702101,1.997231,4.186275
1.704602,1.992642,4.189932
1.707104,2.025074,4.230608
1.709605,1.984827,4.198607
1.712106,2.002580,4.224605
1.714607,2.007959,4.238229
1.717109,2.015619,4.254133
1.719610,1.983725,4.230484
1.722111,2.006807,4.261812
1.724612,2.052358,4.315609
1.727114,1.971178,4.242674
1.729615,2.008267,4.288009
1.732116,1.995623,4.283610
1.734617,1.984244,4.280477
1.737119,1.984151,4.288629
1.739620,2.009485,4.322209
1.742121,2.044113,4.365082
1.744622,1.984878,4.314093
1.747124,2.010305,4.347767
1.749625,1.989350,4.335057
1.752126,2.037654,4.391607
1.754627,2.010376,4.372575
1.757129,1.997373,4.367819
1.759630,2.011809,4.390500
1.762131,1.999894,4.386832
1.764632,2.021092,4.416276
1.767134,1.996465,4.399895
1.769635,1.978637,4.390314
1.772136,2.004695,4.424618
1.774637,2.029738,4.457908
1.777139,1.977204,4.413621
1.779640,1.995383,4.440046
1.782141,2.019142,4.472052
1.784642,1.963422,4.424578
1.787144,2.011915,4.481318
1.789645,2.014344,4.491994
1.792146,2.004067,4.489964
1.794647,1.985327,4.479471
1.797149,1.999864,4.502255
1.799650,2.001775,4.512413
1.802151,2.017817,4.536701
1.804652,2.012640,4.539772
1.807154,1.993328,4.528707
1.809655,2.030859,4.574485
1.812156,1.999032,4.550905
1.814657,1.984518,4.544638
1.817159,1.991648,4.560016
1.819660,2.016357,4.592971
1.822161,2.003719,4.588581
1.824662,2.016933,4.610043
1.827164,2.001319,4.602676
1.829665,2.047374,4.656979
1.832166,1.968269,4.586122
1.834667,1.992077,4.618176
1.837169,1.998396,4.632743
1.839670,2.001700,4.644295
1.842171,2.027740,4.678582
1.844672,2.004181,4.663271
1.847174,1.997812,4.665150
1.849675,2.001307,4.676893
1.852176,2.014316,4.698150
1.854677,1.986866,4.678948
1.857179,2.008588,4.708917
1.859680,1.970186,4.678764
1.862181,1.998499,4.715324
1.864682,1.982059,4.707132
1.867184,1.987563,4.720884
1.869685,2.005382,4.746952
1.872186,1.978567,4.728385
1.874687,1.981160,4.739226
1.877189,1.971123,4.737437
1.879690,1.957547,4.732109
1.882191,1.997114,4.779924
1.884692,2.022150,4.813209
1.887194,1.996534,4.795841
1.889695,1.995543,4.803098
1.892196,1.980060,4.795863
1.894697,2.030162,4.854214
1.897199,1.995249,4.827549
1.899700,2.024651,4.865199
1.902201,2.006896,4.855693
1.904702,1.994989,4.852034
1.907204,2.020615,4.885909
1.909705,2.018715,4.892258
1.912206,1.997877,4.879668
1.914707,2.024688,4.914727
1.917209,2.033934,4.932222
1.919710,1.998750,4.905287
1.922211,1.995129,4.909915
1.924712,2.007708,4.930742
1.927214,2.006701,4.937984
1.929715,2.015383,4.954915
1.932216,1.995131,4.942911
1.934717,2.013623,4.969652
1.937219,2.019976,4.984254
1.939720,2.003382,4.975909
1.942221,2.002920,4.983696
1.944722,1.976105,4.965130
1.947224,1.977658,4.974932
1.949725,1.972160,4.977682
1.952226,1.976296,4.990068
1.954727,1.997045,5.019066
1.957229,1.969236,4.999505
1.959730,2.042788,5.081306
1.962231,2.014083,5.060851
1.964732,1.960611,5.015628
1.967234,1.978006,5.041271
1.969735,1.997958,5.069472
1.972236,1.967370,5.047133
1.974737,1.991239,5.079252
1.977239,2.020784,5.117045
1.979740,1.996878,5.101389
1.982241,1.998719,5.111479
1.984742,1.980920,5.101929
1.987244,1.989415,5.118673
1.989745,1.974253,5.111761
1.992246,2.006938,5.152695
1.994747,1.991385,5.145392
1.997249,2.014923,5.177179
1.999750,2.023569,5.194075
2.002251,2.020521,5.199275
2.004752,-0.000664,5.178091
2.007254,-0.009601,5.169154
2.009755,-0.023318,5.155437
2.012256,0.002258,5.181012
2.014757,0.018278,5.197033
2.017259,-0.006495,5.172260
2.019760,-0.003302,5.175453
2.022261,0.011741,5.190495
2.024762,0.016458,5.195212
2.027264,-0.026992,5.151762
2.029765,0.003809,5.182564
2.032266,0.003731,5.182485
2.034767,-0.002879,5.175875
2.037269,0.017008,5.195762
2.039770,-0.006938,5.171817
2.042271,-0.015739,5.163016
2.044772,0.005258,5.184013
2.047274,0.008759,5.187514
2.049775,-0.004144,5.174611
2.052276,0.015166,5.193921
2.054777,-0.028918,5.149836
2.057279,-0.020477,5.158277
2.059780,-0.058525,5.120230
2.062281,0.009933,5.188687
2.064782,-0.018879,5.159876
2.067284,-0.004822,5.173933
2.069785,0.019227,5.197981
2.072286,0.000972,5.179726
2.074787,-0.008390,5.170364
2.077289,-0.016163,5.162591
2.079790,-0.004579,5.174175
2.082291,0.011486,5.190240
2.084792,-0.028885,5.149870
2.087294,-0.001302,5.177453
2.089795,0.014905,5.193659
2.092296,-0.027065,5.151690
2.094797,0.012751,5.191506
2.097299,0.013016,5.191770
2.099800,-0.016805,5.161950
2.102301,-0.028661,5.150094
2.104802,0.008251,5.187006
2.107304,0.015397,5.194152
2.109805,0.011029,5.189783
2.112306,0.014532,5.193287
2.114807,-0.022520,5.156235
2.117309,0.011122,5.189877
2.119810,-0.011049,5.167705
2.122311,-0.010694,5.168061
2.124812,-0.029640,5.149115
2.127314,0.020959,5.199714
2.129815,0.003335,5.182089
2.132316,0.019119,5.197873
2.134817,0.028785,5.207539
2.137319,-0.021664,5.157090
2.139820,0.012250,5.191004
2.142321,-0.000243,5.178511
2.144822,0.017417,5.196171
2.147324,0.021102,5.199856
2.149825,0.015630,5.194385
2.152326,-0.015576,5.163179
2.154827,-0.002410,5.176345
2.157329,0.005032,5.183786
2.159830,0.060170,5.238925
2.162331,0.023367,5.202122
2.164832,0.044208,5.222963
2.167334,0.007896,5.186651
2.169835,0.004035,5.182790
2.172336,0.011681,5.190435
2.174837,-0.010054,5.168700
2.177339,0.023653,5.202407
2.179840,-0.003003,5.175752
2.182341,-0.026167,5.152587
2.184842,0.016589,5.195344
2.187344,-0.029881,5.148874
2.189845,-0.035133,5.143622
2.192346,0.005494,5.184249
2.194847,-0.018115,5.160640
2.197349,-0.017349,5.161405
2.199850,-0.003085,5.175669
2.202351,-0.009314,5.169441
2.204852,-0.004244,5.174511
2.207354,0.005183,5.183937
2.209855,-0.022261,5.156494
2.212356,-0.023322,5.155433
2.214857,-0.039995,5.138759
2.217359,-0.007434,5.171320
2.219860,0.012655,5.191409
2.222361,-0.013378,5.165376
2.224862,0.009550,5.188305
2.227364,0.010293,5.189048
2.229865,0.018874,5.197628
2.232366,0.018848,5.197602
2.234867,-0.013122,5.165632
2.237369,-0.016323,5.162432
2.239870,0.000922,5.179676
2.242371,-0.012665,5.166089
2.244872,0.027675,5.206429
2.247374,0.026286,5.205041
2.249875,0.001812,5.180567
2.252376,-0.008137,5.170618
2.254877,0.009731,5.188485
2.257379,-0.012502,5.166253
2.259880,-0.002382,5.176373
2.262381,-0.010105,5.168649
2.264882,0.002011,5.180766
2.267384,0.021495,5.200250
2.269885,0.014144,5.192899
2.272386,0.021786,5.200540
2.274887,-0.017425,5.161329
2.277389,0.003425,5.182180
2.279890,-0.018733,5.160022
2.282391,0.007331,5.186086
2.284892,0.006205,5.184959
2.287394,0.024695,5.203449
2.289895,0.020940,5.199695
2.292396,0.012444,5.191198
2.294897,-0.009622,5.169133
2.297399,-0.009068,5.169687
2.299900,-0.039082,5.139672
2.302401,-0.008540,5.170214
2.304902,-0.029550,5.149204
2.307404,0.017713,5.196468
2.309905,0.017182,5.195937
2.312406,0.002634,5.181389
2.314907,-0.007209,5.171546
2.317409,0.002725,5.181480
2.319910,0.030576,5.209331
2.322411,0.025701,5.204455
2.324912,-0.008543,5.170212
2.327414,0.003208,5.181963
2.329915,-0.021345,5.157409
2.332416,0.007634,5.186388
2.334917,0.014079,5.192834
2.337419,0.017146,5.195900
2.339920,-0.029170,5.149585
2.342421,0.009613,5.188368
2.344922,-0.016463,5.162291
2.347424,-0.007173,5.171581
2.349925,0.015012,5.193766
2.352426,0.005681,5.184435
2.354927,-0.003119,5.175635
2.357429,0.011558,5.190313
2.359930,0.031137,5.209892
2.362431,-0.011878,5.166877
2.364932,-0.025719,5.153035
2.367434,-0.022141,5.156614
2.369935,-0.017989,5.160766
2.372436,-0.012787,5.165968
2.374937,0.010986,5.189740
2.377439,-0.039734,5.139021
2.379940,0.004495,5.183250
2.382441,-0.014829,5.163926
2.384942,0.020947,5.199701
2.387444,-0.016298,5.162456
2.389945,0.000144,5.178899
2.392446,-0.017861,5.160894
2.394947,-0.012984,5.165771
2.397449,-0.004956,5.173799
2.399950,-0.004359,5.174396
2.402451,-0.009998,5.168757
2.404952,0.021494,5.200249
2.407454,0.010480,5.189235
2.409955,0.035341,5.214095
2.412456,-0.005283,5.173472
2.414957,0.020319,5.199074
2.417459,-0.039991,5.138764
2.419960,0.012163,5.190918
2.422461,0.007076,5.185831
2.424962,-0.007128,5.171626
2.427464,0.013246,5.192001
2.429965,0.016719,5.195473
2.432466,0.019690,5.198445
2.434967,0.007997,5.186752
2.437469,0.011450,5.190205
2.439970,-0.012840,5.165914
2.442471,-0.020863,5.157891
2.444972,-0.005098,5.173656
2.447474,0.003554,5.182308
2.449975,0.018115,5.196870
2.452476,-0.015059,5.163695
2.454977,-0.009325,5.169430
2.457479,0.056664,5.235418
2.459980,-0.011860,5.166894
2.462481,0.036582,5.215336
2.464982,0.018310,5.197064
2.467484,-0.010626,5.168128
2.469985,-0.002030,5.176725
2.472486,-0.004099,5.174656
2.474987,0.009020,5.187775
2.477489,0.026015,5.204770
2.479990,-0.031200,5.147554
2.482491,0.038552,5.217307
2.484992,0.014817,5.193571
2.487494,-0.010457,5.168298
2.489995,-0.002401,5.176354
2.492496,0.005707,5.184462
2.494997,0.005642,5.184397
2.497499,0.022875,5.201629
2.500000,0.020768,5.199522
